{
    "$schema": "./node_modules/@angular/cli/lib/config/schema.json",
    "project": {
        "name": "ng2-rdk"
    },
    "apps": [
        {
            "root": "src",
            "outDir": "dist",
            "assets": [
                "assets",
                "rdk/assets",
                "favicon.ico",
                "mock-data"
            ],
            "index": "index.html",
            "main": "main.ts",
            "polyfills": "polyfills.ts",
            "test": "test.ts",
            "tsconfig": "tsconfig.app.json",
            "testTsconfig": "tsconfig.spec.json",
            "prefix": "app",
            "styles": [
                "../node_modules/bootstrap/dist/css/bootstrap.min.css",
                "../node_modules/eonasdan-bootstrap-datetimepicker/build/css/bootstrap-datetimepicker.min.css",
                "styles.scss",
                "../node_modules/malihu-custom-scrollbar-plugin/jquery.mCustomScrollbar.css",
                "../node_modules/font-awesome/css/font-awesome.min.css",
                "../node_modules/ztree/css/zTreeStyle/zTreeStyle.css",
                "rdk/assets/scss/index.scss",
                "rdk/assets/scss/reset.scss"
            ],
            "scripts": [
                "../node_modules/jquery/dist/jquery.min.js",
                "../node_modules/jquery-mousewheel/jquery.mousewheel.js",
                "../node_modules/malihu-custom-scrollbar-plugin/jquery.mCustomScrollbar.concat.min.js",
                "../node_modules/moment/min/moment.min.js",
                "../node_modules/bootstrap/dist/js/bootstrap.min.js",
                "../node_modules/ztree/js/jquery.ztree.all.js",
                "../node_modules/eonasdan-bootstrap-datetimepicker/build/js/bootstrap-datetimepicker.min.js"
            ],
            "environmentSource": "environments/environment.ts",
            "environments": {
                "dev": "environments/environment.ts",
                "prod": "environments/environment.prod.ts"
            }
        }
    ],
    "e2e": {
        "protractor": {
            "config": "./protractor.conf.js"
        }
    },
    "lint": [
        {
            "project": "src/tsconfig.app.json"
        },
        {
            "project": "src/tsconfig.spec.json"
        },
        {
            "project": "e2e/tsconfig.e2e.json"
        }
    ],
    "test": {
        "karma": {
            "config": "./karma.conf.js"
        }
    },
    "defaults": {
        "styleExt": "css",
        "component": {}
    }
}
