{
  "$schema": "./node_modules/@angular/cli/lib/config/schema.json",
  "project": {
    "name": "zte-ued"
  },
  "apps": [
    {
      "root": "src",
      "outDir": "dist/web",
      "assets": [
        "assets",
        "favicon.ico",
        "doc",
        "set-up-piwik.js"
      ],
      "index": "index.html",
      "main": "main.ts",
      "polyfills": "polyfills.ts",
      "test": "test.ts",
      "tsconfig": "tsconfig.app.json",
      "testTsconfig": "tsconfig.spec.json",
      "prefix": "app",
      "styles": [
        "../node_modules/bootstrap/dist/css/bootstrap.min.css",
        "../node_modules/font-awesome/css/font-awesome.min.css",
        "../node_modules/@rdkmaster/jigsaw/prebuilt-themes/zte.css",
        "../node_modules/highlight.js/styles/monokai-sublime.css",
        "../node_modules/simplemde/dist/simplemde.min.css",
        "../node_modules/primeng/resources/themes/omega/theme.css",
        "../node_modules/primeng/resources/primeng.min.css",
        "perfect-scrollbar-style.css",
        "styles.scss",
        "ued-theming.scss"
      ],
      "scripts": [
        "../node_modules/jquery/dist/jquery.min.js",
        "../node_modules/jquery-mousewheel/jquery.mousewheel.js",
        "../node_modules/malihu-custom-scrollbar-plugin/jquery.mCustomScrollbar.concat.min.js",
        "../node_modules/bootstrap/dist/js/bootstrap.min.js",
        "../src/app/components/component-detail/component-detail-content/api/prism.js",
        "../src/app/common/md-editor/simplemde.min.js"
      ],
      "environmentSource": "environments/environment.ts",
      "environments": {
        "dev": "environments/environment.ts",
        "prod": "environments/environment.prod.ts",
        "out": "environments/environment.out.ts"
      }
    },
    {
      "platform": "server",
      "root": "src",
      "outDir": "dist/server",
      "assets": [
        "assets",
        "favicon.ico"
      ],
      "index": "index.html",
      "main": "main.server.ts",
      "test": "test.ts",
      "tsconfig": "tsconfig.server.json",
      "testTsconfig": "tsconfig.spec.json",
      "prefix": "app",
      "styles": [
        "../node_modules/bootstrap/dist/css/bootstrap.min.css",
        "../node_modules/eonasdan-bootstrap-datetimepicker/build/css/bootstrap-datetimepicker.min.css",
        "../node_modules/malihu-custom-scrollbar-plugin/jquery.mCustomScrollbar.css",
        "../node_modules/font-awesome/css/font-awesome.min.css",
        "../node_modules/ztree/css/zTreeStyle/zTreeStyle.css",
        "../node_modules/@rdkmaster/jigsaw/prebuilt-themes/zte.css",
        "../node_modules/highlight.js/styles/monokai-sublime.css",
        "../node_modules/simplemde/dist/simplemde.min.css",
        "../node_modules/primeng/resources/themes/omega/theme.css",
        "../node_modules/primeng/resources/primeng.min.css",
        "../src/app/animations/service/page-loading.css",
        "styles.scss",
        "ued-theming.scss"
      ],
      "scripts": [],
      "environmentSource": "environments/environment.ts",
      "environments": {
        "dev": "environments/environment.ts",
        "prod": "environments/environment.prod.ts",
        "out": "environments/environment.out.ts"
      }
    }
  ],
  "e2e": {
    "protractor": {
      "config": "./protractor.conf.js"
    }
  },
  "lint": [
    {
      "project": "src/tsconfig.app.json"
    },
    {
      "project": "src/tsconfig.spec.json"
    },
    {
      "project": "e2e/tsconfig.e2e.json"
    }
  ],
  "test": {
    "karma": {
      "config": "./karma.conf.js"
    }
  },
  "defaults": {
    "styleExt": "css",
    "component": {}
  }
}
